0,pizza chain files for chapter 11 again
0,american airlines jetblue end agreement
0,europe calls for more us natural gas exports
0,bad loan triggers key feature in ecb bank test announcement sources
0,public transportation at its highest level since 1956
0,global markets-world stocks copper and oil fall after weak china exports
0,copper sees slight fall as uncertainties weigh on sentiment
0,chiquita fyffes merger to create top banana company
0,ebay ceo donahoe's pay drops by 53 to 13.8 million for 2013
0,press release pershing square issues statement
0,forex market eur/usd retreats from 2-1/2-year highs as stronger euro seen ...
0,wall street to digest weak china japan data
0,top banana chiquita and fyffe announce merger
0,carl icahn donahoe cost ebay investors more than 4b
0,more people rode public transit last year than any time in the last 60 years
0,ukraine crisis could be good news for american natural gas producers
0,update 2-mcdonald's us sales continue to struggle in february
0,nationally mass transit use up but trimet's down
0,stock market news for march 10 2014
0,american airlines jetblue ending itinerary extension agreement
3,respawn titanfall's server stability is in microsoft's azure hands
0,mt gox seeks us court protection during japan bankruptcy 2)
0,chiquita fyffes merge to form world's largest banana supplier
0,chinese market get demolished
0,3 predictions for the new week
0,metro-north worker 58 killed by hudson line train headed for poughkeepsie
0,tech stocks ebay and icahn keep trading punches
0,chinese market gets demolished
0,china growth goal challenged by falling exports factory prices
0,chiquita merges with fyffes of ireland to become world's largest banana supplier
0,public transit boom
0,carl icahn ebay shareholders lost 4 billion because of the ceo's ...
3,titanfall review roundup
0,china's csi300 index at near 9-month low hong kong sinks too
0,bitcoin exchange mtgox faced 150000 attacks per second
0,mcdonald's struggles worsened by snow
3,toys r us is offering 50 off a game with purchase of titanfall
0,ackman's anti-herbalife lobbying detailed
0,bitcoin exchange mt gox files for us bankruptcy protection
0,cqb stock chiquita fyffes to create world's biggest banana firm
0,banana giants chiquita fyffes agree to 1.07b merger
0,major averages climb off lows but remain in the red
0,stocks slide after discouraging news from asia
0,'hacked docs prove mtgox has 1 million bitcoins claim blog-snatchers
0,next chapter in the global banana trade's bloody history walmartization'
0,metro-north employee struck and killed by train while working on tracks
3,titanfall's xbox one resolution likely to increase after launch
0,ecb to reveal bad loan hurdles for bank tests?
0,americans using public transport now more than ever
3,titanfall runs at 792p resolution on xbox one and it may get a postlaunch ...
0,german reliance on russian gas is a threat
0,metro-north worker struck killed by train
0,bitcoin cash machine appears in london's tech city
0,pizza-maker sbarro files chap 11 bankruptcy
0,weak data from japan and china pressures crude oil
0,bitcoin credibility in the balance as woes spread
0,metro-north worker killed by train
0,a credible threat approach to long run deterrence of russian-european ...
0,the bull at 5 where do stocks go from here?
0,hk shares in biggest loss in 5 weeks after anemic china data
0,share this on:
0,world stocks copper and oil fall after weak china exports
0,american airlines and jetblue airways discontinue partnership
0,hong kong china shares sink on weak data
0,death of metro-north worker on tracks renews safety concerns
0,world has new top banana fruit giants chiquita and fyffes merge
0,despite obstacles bull market turns 5
3,insider claims titanfall has already helped sell 1 million xbox one consoles
0,german reliance on russian gas threatens europe poland
0,goldman sees 24 china stocks rally on decade-low valuations 1)
0,prodan price for russian gas could stand at 368.5
0,chiquita brands to buy fyffes to form biggest banana company
0,hackers attacked bankrupt bitcoin exchange
3,titanfall xbox one launch microsoft releases critically acclaimed first-person ...
0,public transit systems in ky see ridership losses
0,us urged to export more lng in response to russia-ukraine crisis
0,china export decline shows growth-goal challenge for premier 2)
0,public transportation reaches highest levels since 1956
0,sbarro files for chapter 11 bankruptcy
0,hackers accuse mt gox of pocketing users bitcoins
0,hackers dox mt gox ceo say they have proof of fraud
0,eastern european countries paid much more for russian gas than western ones
0,earnings season and the dow an early look
0,americans said to be riding public transit in record numbers
0,oil falls to around 101 after china japan data
0,update 2-white house plays down speedy role for us natural gas in ukraine
0,china's csi 300 sinks to 5-year low as export slump weakens yuan
0,em morning roundup asia slumped on china's weak exports data
0,americans hopping aboard public transit in highest level since 1956
0,american airlines jetblue end ticketing partnership
0,ecb focus-stronger euro drowns out ecb's message to keep rates low for ...
0,ebay asks shareholders to vote against carl icahn board nominees
0,sec urges muni issuers underwriters to report violations
0,stocks tumble on disappointing data
0,u.s stock-index futures are little changed after s&p 500 record
0,u.s stocks retreat with emerging equities metals
0,chiquita fyffes agree to 1.07 billion merger deal 4th update
0,eu week ahead march 10-14 bank resolution transparency ukraine
0,copper iron ore futures gripped by panic selling”
0,the dow's 5 most hated stocks
0,ebay rejects icahn board nominees asks investors to do same
0,chinese trade figures deal further blows to confidence
0,top banana as fyffes and chiquita merge
0,decline in exports knocks confidence in chinese growth
0,"shanghai copper price falls on black monday"""
0,asian stocks tumble on weak china japan data
0,wall st down on asian data
0,noyer says strong euro creates unwarranted economic pressure 1)
0,china's csi 300 plunges to five-year low on export slump
0,big merger creates the world's largest banana company
0,disappointing chinese exports halt stocks hammer commodities
0,burn mcdonald's business did not heat up in february
0,nymex-us crude dips on china data supply concerns cap fall
0,disappointing china exports halt stocks hammer commodities
0,russia could fend off us lng plans for europe
0,fyffes to be acquired by chiquita brands
0,a week after mt gox collapse japan struggles to understand .
0,chiquita cqb and fyffes fyfff merge to become world's largest banana ...
0,bromund europe must wake up to new danger
0,sbarro files for chapter 11 bankruptcy again
3,titanfall review roundup price download dlc xbox one pc spec ...
0,bitcoin exchange mtgox faced 150000 attacks per second report
0,wall street opens lower after s&p's record close
0,metro-north worker struck killed by train in east harlem mta
3,respawn launches site teasing original titanfall story content
0,ebay and icahn keep trading punches
0,sbarro pizza chain files for bankruptcy second time in three years
0,market analysis global growth worries may pressure stocks
0,heavier sanctions on russia could backfire
0,mt gox fielded massive ddos attack before collapse
0,major averages stage recovery attempt but finish in the red
0,mta worker killed by hudson line train
0,bull market charges into sixth year
0,cheney obama hasn't gotten any credibility with our allies'
0,new deal creates world's largest banana supplier
0,4 nations urge us gas exports amid ukraine crisis
0,forget mt gox bitcoins will still be your future currency
0,sbarro files for chapter 11 reorganization again
0,10 things you need to know before the opening bell
0,hackers hit web accounts of mtgox boss
0,$5 20-piece chicken nuggets didn't help mcdonald's reverse us sales decline
0,sbarro officially files for bankruptcy protection for second time since 2011
0,meet the new 1 billion banana empire
0,five years after stock meltdown most cleveland-area companies have ...
0,chiquita fyffes agree to 1.07 billion merger deal 2nd update
3,xbox one may still get 1080p titanfall in post-release patch
0,stocks open lower in early trading on wall street
0,stock futures down slightly coca-cola cuts executive pay chiquita top banana ...
0,when world politics pull up to gas pump
0,what the bull market has meant for europe
0,russia's political tool gazprom threatens to increase gas prices by 37 ...
0,herbalife's lobbying tab nears 2 million
0,copper plunges on chinese default
0,carl icahn rift hurts ebay ebay)
0,don't send america's natural gas to ukraine
0,metro-north worked killed in harlem
0,persisting ukraine crisis may fuel energy policy rejig by europe
0,24m supply chain savings from banana merger
0,for the second time in 3 years sbarro files for bankruptcy
0,poughkeepsie-bound metro-north train strikes kills railroad employee on tracks ...
0,update 1-ebay rejects icahn board nominees asks investors to do same
0,update 2-eu deals blow to two big russian gas pipeline projects
0,sbarro files for bankrupcy for 2nd time in 3 years
3,titanfall to thunder into game stores monday night
0,hackers leak mt gox database reveal blog of former ceo
0,capitalism will prevent a cold war over ukraine
0,reuters germany's dependence on russian gas poses risks for europe says ...
0,sbarro pizza chain files for bankruptcy again
0,public transit in the u.s. why are so many americans riding again?
0,oil and natural gas as weapon of war
0,chiquita brands international inc cqb news chiquita to buy fyffes to create ...
0,pershing square up 11 through feb.
0,ecb to reveal bad loan hurdles for euro zone bank test
3,the launch of titanfall will push the xbox one to its limits
0,sbarro files for another bankruptcy protection
0,sbarro blames less mall traffic for stores closing
0,why ebay spinning off paypal makes sense
0,business highlights
0,ukraine's eu neighbors see us gas as russian hedge
0,fyffes and chiquita team up to be the biggest of the bunch
0,hk stocks close 1.75 pct lower
0,mt gox mark karpeles targeted in alleged bitcoin hack
0,china significantly weakens yuan
0,american airlines jetblue le divorce
0,mt gox hackers post bitcoin balances on ceo's own blog
0,china's csi300 index at near 9-mth low hong kong sinks too
0,hong kong h-shares set for one-month low on china exports
0,update 4-chiquita and fyffes join to make world's biggest banana firm
0,rivals to merge and base largest global banana firm in ireland
0,mt gox ceo's blog hacked database leak claims there should be a 951k bitcoin ...
0,lme copper at eight-month lows on china demand fears
0,is bitcoin legal illegal a currency a commodity?
0,markets kept in check by asian developments
0,sbarro files for bankruptcy again
0,the state can only destroy bitcoin
0,chiquita fyffes merger creates world's largest banana company
0,hackers call mt gox ceo a liar say he still controls stolen bitcoin
0,managers voice concerns as china bond nears default
0,despite several obstacles the bull market makes it to year 5
0,hackers allege mt gox head controls stolen bitcoin fraud committed
0,mt gox seeks us court protection during japan bankruptcy
0,chiquita to buy fyffes to create world's biggest banana supplier brand
0,revealed how bill ackman has been lobbying to bring down a company ...
3,next-gen starts tomorrow with titanfall launch
0,fyffes agrees to merger with chiquita
0,sec launches enforcement cooperation initiative for municipal issuers and ...
0,op-ed online exchanges in lehman terms ebay to the rescue?
0,china stocks hit new low
0,investors warned about betting on digital currencies
0,mt gox files for chapter 15 in u.s.
0,sbarro files for second bankruptcy in three years
3,titanfall takes aim at the cloud we've really let the designers go crazy'
0,mt gox botcoin exchange files for bankruptcy in the us
0,does chiquita merger mean it will violate charlotte incentives agreement?
0,mt gox files for us bankruptcy amid new hacker claims
0,us public transit ridership at its highest level since 1956
0,hackers allegedly hit mt gox ceo's blog post balance of remaining bitcoins
0,stocks slip slightly
0,stocks futures edge lower on weak chinese export data
0,charlotte-based chiquita to merge with irish fruit company
0,chiquita and fyffes join to make world's biggest banana firm
0,us stock market trading lower as investors weigh discouraging news on ...
0,hackers claim mtgox still has access to missing bitcoin
0,major banks are looking at bitcoin
0,japan struggles to understand bitcoin after mt.gox collapse
0,top banana world's biggest producer created
0,china shares extend losses after weak macro data csi300 down 3 pct
0,german reliance on russian gas threatens europe
0,uk's first bitcoin machine opens in london cafe
0,fed's plosser taper pace may be too slow
0,mcdonald's reports drop in february global sales
0,wall street journal west tries to loosen russia's gas grip
0,while you were sleeping china hits stocks copper
0,rand paul i wouldn't let putin get away with this
0,stocks fall slightly at the open
0,mcdonald's blames weak sales on weather
0,transit ridership reaches highest level since 1956
0,even adjusting for anomalies china's exports slowed
0,ebay urges shareholders to vote against icahn board nominees
0,mcdonald's sales decline as chain looks to adapt to changing tastes the ...
0,color of money bitcoin trendy but too risky for most investors
3,respawn's titanfall set for launch
0,despite crises 5-year bull market may keep running
0,sbarro pizza chain files for chapter 11 bankruptcy . again
0,a secular bull market arises from the 2009 shadows
0,ecb's noyer not happy with euro strength update
0,hackers claim to have evidence of fraud surrounding mt gox closure
0,mt gox files for chapter 15 bankruptcy in the us
0,us stocks move lower on gloomy news from asia
0,copper cathode stocks at china shfe warehouses rise for 8th week
0,weak china exports weigh in on stocks hit commodities
0,u.s stocks retreat with emerging equities metals on china data
0,$a falls as ukraine tensions escalate
0,china csi300 share index at 5-year closing low on slowdown fears
0,chiquita to merge with irish produce company
0,energy matters energy plays big role in conflicts
0,chiquita and flyffes merge and become world's top banana supplier
0,american airlines jetblue end interline agreement
0,energy markets watching the diplomats
0,euro anxieties wane as bunds top treasuries spain debt rallies
0,mt gox seeks u.s court shield during japan bankruptcy
0,fed official says weak data caused by weather should not slow taper
0,fyffes merger creates banana behemoth
0,new deal makes chiquita world's top banana company
0,oil falls to around 101 after china data
0,sbarro pizza chain files second bankruptcy in three years
0,sbarro pizza closing 155 stores to protect from going bankrupt
3,news snatch titanfall special release times resolutions and rankings
0,copper slumps amid fears of slowdown in china
0,world has new top banana as chiquita fyffes merge
0,five guys chipotle continue to take bites out of mcdonald's sales
0,global markets weak china exports weigh on stocks hit commodities
0,market impact of russia's crimean adventure
0,icahn targets ebay chief donahoe after company rejects board slate
0,business growth in euro zone rises to 32-month high
0,sbarro returns to chapter 11 with prepack
0,new sec regulations of municipal advisors and underwriters take effect in july
0,copper slips with australian stocks as nikkei futures oil drop
0,market snapshot us stocks held back by china last week's moves
0,morning moneybeat will bull market make it to six?
3,titanfall wallpapers for your windows phone
0,sbarro pizza chain which has several restaurants in alabama files for ...
0,americans using public transit in record numbers
0,massive hacking attacks revealed
3,titanfall ships at 792p on xbox one post-release resolution likely to increase'
0,bitcoin exchange mt gox seeks us bankruptcy relief
0,pboc drops yuan
0,uncertain mood prevails on wall street
0,americans hopping aboard public transit in record numbers ridership recovers ...
0,record numbers on public transit
0,ecb's noyer low inflation may hamper adjustment
0,world has new top banana
0,us stocks-futures edge lower after record high china data
0,aust dollar falls at noon
0,central banks must contain threats from low prices ecb's noyer
0,us open stocks fall after fed official hints at accelerated tapering
0,as transit debate continues new report suggests high demand
0,mcdonald's us sales continue to struggle in february
0,rand paul's solution to ukraine drill in every possible conceivable place”
0,uk's first bitcoin machine opens in london tech hub
0,bitcoin exchange mt gox hit by 150000 ddos attacks per second before ...
0,pershing square to present information highlighting herbalife's illegal business ...
0,capitalism will prevent a cold war over ukraine the nation
0,mcdonald's february same-restaurant sales fall 0.3 percent
0,chiquita deal births world's biggest banana firm
0,chiquita share price rallies acquires fyffes plc to create the largest banana ...
0,mcdonald's february sales slip on us weakness
0,major u.s airlines tote up effects of winter storms
0,mcdonald's february us sales chilled by weather
0,pizza chain sbarro has filed for bankruptcy
0,dow averaging 3 since 2000
0,world stocks copper oil dip after weak china export data
0,australian market set to open lower
0,sbarro files for second bankruptcy protection
0,rand paul us anti-energy policies empower russian aggression
0,travel checklist money passport wallet the rest can be bought
3,titanfall will increase resolution post launch
0,sbarro again seeks to reorganize under bankruptcy protection
0,us posts record mass-transit use
0,chiquita brands international rating lowered to underperform at zacks cqb)
0,sbarro files second ch 11 petition since 2011
0,copper slumps again on worries over china's economy
0,sbarro files for chapter 11 vows quick recovery
0,goldman sees 24 china stocks rally on decade-low valuations
0,wall street edges lower after record boeing drags
0,bitcoin banking and deposit security
3,titanfall tuesday release means great deal on xbox one find out when you ...
0,public transit ridership up nationally
0,us oil plastered by weak chinese export data ends near 101
0,hong kong china shares sink on weak mainland data
0,global markets-world stocks copper oil dip after weak china export data
0,bull market celebrates 5th birthday fourth-longest run for s&p 500 stocks since ...
0,chiquita brands to merge with fyffes to create banana leader
0,mcdonald's game plan to win back customers
0,noyer says strong euro creates unwarranted economic pressure
0,what comes next as the bull market turns five?
0,pizza chain sbarro files for bankruptcy reorganization again.
0,delta expects first quarter profit despite hit from winter storms
0,oil futures inch down on china worries
0,americans make most journeys on public transport for 50 years
0,disappointing china exports halt world stocks hammer commodities
0,poland german reliance on russian gas threatens europe
3,titanfall review my buddy
0,record number of public transportation trips taken in 2013
0,sbarro again files for bankruptcy
0,us stocks fall as commodity shares lead drop on china
0,top banana chiquita and fyffes to merge
0,us stocks held back by china last week's moves
0,jetblue and american airlines go their different ways
0,american dropped 14000 feb flights due to storms
3,'titanfall live-action adaptation in development trailer release date revealed
0,us stocks-wall street edges lower after record boeing drags
0,stocks down on discouraging news from asia
0,commodities-china fears hit copper oil shanghai commodities slump
0,bitcoin exchange seeks u.s bankruptcy protection
0,the bull market turns 5 don't break out the bubbly
3,gamers get their hands on long-awaited titanfall'
0,china's trade deficit and structural worries in europe among the main issues
0,yuan drops as pboc cuts reference rate by most since july 2012
0,weak chinese trade data hits stocks and knocks commodities
0,why oil keeps biting bears
0,wti crude falls sharply as china trade data weighs
0,pizza chain sbarro files for bankruptcy a second time
0,american use of public transit has hit its highest point in 50 years
0,oil falls below 108 on china data supply concerns limit decline
0,jetblue adds nonstop service to washington dc
0,oil falls below us$108 on china data
0,ecb to reveal bad loan hurdles for euro zone bank test sources
3,titanfall to launch at 792p on xbox one
0,sec asks municipal bond sellers to report disclosure breach
0,update 3-pizza chain sbarro files for bankruptcy protection
0,aust stocks set to open lower
0,huge 5-year fund returns don't be misled
0,getting goxed mt gox's us bankruptcy and hacker attack
0,does mt gox ceo still control all those stolen bitcoins?
0,$a lower on ukraine worries
0,us stocks dip on weak asian data ukraine
0,market wrap chiquita now biggest banana brand ebay rejects icahn offer ...
0,metro-north employee killed by train in harlem identified
0,the big banana merger might be more about melons pineapples and irish taxes ...
0,failed issuance shows growing risk awareness
0,china stocks sink on weak data
0,pizza-maker sbarro filing for chapter 11
0,germany's dependence on russian gas risks for europe
0,will chiquita-fyffes merger fly with regulators?
0,emerging-market stocks decline with commodities as china weakens
0,global markets-world stocks copper oil decline after weak china export data
0,hackers break into mt gox ceo's blog reveal customers bitcoin balances
0,herbalife hlf say no merits to ackman's accusations
3,titanfall on xbox one frame-rate is uneven struggles a lot even at 792p ...
0,metro-north track worker killed in harlem
0,sbarro files for bankruptcy
0,chiquita-fyffes merge to make top bananas
0,chiquita oks fyffes merger creating world's largest banana supplier
0,ukraine crisis lng stocks in focus analyst blog
0,american airlines jetblue ending agreement that allowed connections on each ...
3,'titanfall release date nears twitter predicts it will outsell battlefield 4' will ...
0,plosser fed may have to accelerate tapering pace
0,china challenged by falling exports factory prices
0,chinese economy ukraine weigh on a
0,world's largest banana company is born
0,chiquita buys fyffes to create world's biggest banana supplier
0,this is not 1968 and russia is not the soviet union
0,sbarro declares bankruptcy
0,whistling past the graveyard after china's 1st ever bond default
0,today's stock market djia dow jones industrial average nasdaq s&p 500;
3,xbox one titanfall bundle and uk price drop hopes to shoot down ps4
0,cryptocurrency news round-up mt gox lies bitcoin gun store and dogecoin ...
0,world has new top banana as fruit giants chiquita of us and fyffes of europe ...
0,chiquita the banana seller with nj roots to buy irish rival fyffes in deal that ...
0,mcdonald's february sales threaten first-quarter margins
0,us american airlines got 425m for landing rights
0,happy 5th birthday bull market
0,sbarro reportedly preparing for ch 11 bankruptcy
0,sen rand paul us must take strong action against putin's aggression
0,weil on finance bill ackman keeps hope alive
0,crude brent oil fundamental analysis march 11 2014 forecast
0,rice ukraine should be a wake-up call
0,markets ireland's fyffes to merge with chiquita of original banana republic fame
0,metro-north employee killed by train in manhattan
0,a week after mt gox collapse japan struggles to understand bitcoin
0,rout in copper price continues chinese trade data a worry
0,both ways
0,japan says bitcoin not a currency but taxable
0,ecb requires tougher call on bad loan definition
0,report americans ride public transit in record numbers
0,hong kong should not be a dumping ground for middling ipos
0,mt gox files for us bankruptcy to halt class action 0
0,hackers claim mt gox still sitting on bitcoins
0,imagining the future of bitcoin
0,eu delays talks on russian pipeline
0,anonymous hackers uncover alleged proof of mtgox fraud from site's ceo
0,chiquita fyffes to create world's largest banana company
0,aust dollar weaker in early trade
0,chiquita-fyffes how to make ireland a banana republic
0,washwire daily brief russia's gas grip
0,mcdonald's us sales fall 1.4 per cent in february hampered again by bad ...
0,chaori to sell solar farms to repay bondholders after default
0,american airlines aal load factor fell 0.3 points in feb. affirms q1 prasm ...
0,13 things we'll miss most about sbarro
0,will america heed the wake-up call of ukraine?
0,hong kong shares in biggest loss in 5 weeks after anemic china data
0,sbarro pizza files for bankruptcy again
0,world stock report global stocks decline on sluggish japan china ...
0,chiquita buys out rival fyffes for 526 million
0,pizza chain sbarro files ch 11 bankruptcy for second time
0,mcdonald's corporation mcd february sales results decline
0,an appealing offer chiquita merges with fyffes to make world's largest banana ...
0,don't chase stocks in this five-year-old bull
0,american airlines says storms caused feb flight cancelations to more than ...
0,mt gox files for us bankruptcy
0,mtgox faced 150k ddos attacks per second says report
0,melville-based sbarro pizza chain files for bankruptcy
3,titanfall review in progress
0,copper plunges on chinese company default
0,rest-stop pizza chain sbarro files for bankruptcy
0,american transit ridership hits 57-year high
0,stocks commodities hammered as china's data disappoints
0,chiquita brands international inc nyse:ccqb acquires fyffes plc ffy)
0,chinese carbon firms ahead of emissions deadline
0,global markets-world stocks copper and oil hit by weak china exports
0,stocks slip on discouraging news from asia
0,europe reaches crunch point on banking union
0,transit ridership dropping in portland despite rise in u.s.
0,crude oil futures slump after underwhelming chinese export data
0,sbarro files second bankruptcy as mall traffic dwindles
0,mcdonald's reports lower us sales amid bitter cold winter
0,mtgox faced 150‚000 attacks a second
0,united states natural gas will never weaken russia's position
0,asia stocks tumble on china trade data nikkei falls 1 after gdp
0,chiquita to acquire fyffes creating biggest banana supplier 4)
0,merger makes chiquitafyffes top banana
0,bankrupt exchange mt gox still has 600 million in bitcoins hackers claim
0,burned to a crisp sbarro files for bankruptcy again)
0,land of the rising bitcoin japan just realized that it's now the center of the ...
0,rand paul's plan to save ukraine is completely nuts
0,stock futures ease as chinese trade payrolls compete
3,titanfall is likely to see a resolution bump post-release on xbox one
0,metro-north worker dies after being hit by train while working on tracks in east ...
0,ukraine and us economics the fiscal consequences of conflict between russia ...
0,how chinese yuan weakness impacts the world
0,bitcoin backers enjoy rise in stake amid attack from hackers
0,sbarro misses economic recovery memo files for bankruptcy again
0,bitcoins being used in southwest florida businesses
0,mt gox files for chapter 15 bankruptcy protection in us
0,house bill would allow us to export natural gas to ukraine europe
0,ukraine chinese economy weigh on a
0,china's csi 300 index plunges to five-year low on export slump
0,chiquita fyffes agree to 1.07 billion merger deal 3rd update
0,chiquita combines with dublin-based fyffes to create world's top banana ...
0,forex pound drops to one-month lows against euro
0,ebay asks stockholders to oppose icahn nominees
0,us stocks open lower on gloomy news from asia
0,sbarro files for 2nd bankruptcy in 3 years
0,mt gox chief stole 100000 bitcoins hackers claim
0,poland urges germany to buy less russian gas
0,stocks fall on weak china export data
0,ntsb death of metro-north worker under investigation
0,chiquita ireland's fyffes merge to form top banana supplier
0,currency taking off bit by bit in the northeast
0,anonymous hackers claim mtgox still has stolen bitcoins
0,copper slips with asian stocks after china data ringgit weakens
0,amid concerns over weak chinese and japanese economic data markets stutter
0,sbarro files for bankruptcy protection for the second time
0,american natural gas can support our global allies
0,china's aluminium imports fall 13 in february
0,ukraine sees gazprom charging 37 more for gas in second quarter
0,ukraine crisis lng stocks in focus
0,mt gox hit by massive ddos attacks
0,americans using public transit in record numbers highest ridership since 1956
0,world stocks copper and oil hit by weak china exports
0,hong kong h-shares head for one-month low as china exports slide
0,omega's cooperman says ebay should spin off portion of paypal cnbc
3,"titanfall launching at 792p for xbox one resolution likely to increase"""
0,eu puts russia gas pipeline talks on hold
0,chiquita and fyffes merge to create world's largest banana company
0,major averages posting modest losses in early trading
0,'favorable terms for us muni issuers who report inaccuracies sec
0,jetblue airplanes at their gates at john f kennedy airport in new york nov 27 ...
0,update 1-'favorable terms for us muni issuers who report inaccuracies sec
0,pizza chain sbarro files for bankruptcy again
3,microsoft titanfall could be a game changer for xbox one
0,chiquita combines with dutch based company
0,ukraine at crossroads
0,asia worries send stocks sliding
0,bond default
0,u.s futures mixed to lower chinese data weighs dow jones down 0.09%
0,lme officials export data adds to china's assault on copper
0,carl icahn slams ebay ceo
0,eurozone banks sovereign exposure hits new high
0,fyffes and chiquita merger to create world's largest banana company
0,update chiquita fyffes outline benefits of scale
0,update 2-american airlines to end ticketing agreement with jetblue
0,ireland fyffes agrees merger with chiquita
0,and then there were 3 chiquita buys fyffes
0,us stocks snapshot-wall st opens lower after s&p's record close
0,fed's charles plosser sees high bar for change in pace of tapering
0,public transportation use highest since 1950s
0,eu delays talks on new russian pipeline
3,respawn considering patching 1080p support into xbox one titanfall
0,us stocks down on gloomy news from asia
0,americans riding public transportation in record numbers
0,pollen and birds chirping check and check here are 5 ways to tell that spring's ...
0,mt gox faced 150000 attacks per second report
3,titanfall's resolution likely to be increased with patch
0,stocks slip as investors keep eye on asia
0,stocks mark five-year anniversary of 2009 low with record highs
0,world's largest banana company is born
0,crude oil drops to 101 a barrel after china japan data show weak trade ...
0,american and jetblue end interline agreement
0,mass transit use up nationally but trimet ridership down
0,metro-north worker struck and killed by train in nyc passengers resume trip 1½ ...
0,china shares extend losses after weak macro data csi300 down 3 per cent
0,democrat donor william ackman conspires to destroy herbalife to win billion ...
0,rand paul would solve ukraine crisis by drilling everywhere for oil because ...
0,mt gox ceo's blog goes blank after alleged hack
0,eu delays south stream talks with russia
0,metro-north worker struck and killed by train bound for poughkeepsie
0,despite many obstacles bull market run turns 5
0,finance news update what you need to know
0,china's rising demand for expats
0,americans riding public buses trains subways in record numbers
0,at 0630 aedt on monday the local unit was trading at 90.37 us cents source ...
0,metro-north worker struck and killed by train
0,mtgox fraud detailed on ceo's hacked blog
0,banking on bitcoins
0,metro-north worker killed working on tracks in nyc
0,mcdonald's sales tank in february
0,3 things to watch for as mcdonald's fights to boost us sales
0,fed's plosser nasty weather has curbed job growth
0,bitcoin enthusiasm weathers chaotic week
0,ecb unlikely to end sterilization of smp purchases traders
0,sbarro goes bankrupt for second time
0,chiquita to acquire fyffes creating biggest banana supplier
3,can microsoft's titanfall raise xbox one sales?
0,why i do not trust bitcoin
0,accounting news roundup sbarro is bankrupt again) pwc's latest buy ...
0,fyffes and chiquita are getting hitched
0,china stocks seen rallying 24 at goldman on valuations
0,timeline chiquita brands
0,market hustle stocks fall on weak asian data ukraine gas tensions
0,it's bananas.. fyffes announces merger with rival chiquita
0,ackman outspent by herbalife in lobbying battle
0,news in pictures 10 march 2014
0,china exports plunge commodities worry
0,boeing and chiquita are big market movers
0,should we get involved in ukraine?
0,ecb member noyer is very open to all kinds of tools'
3,respawn patch to increase xbox one titanfall's 792p resolution likely”
0,bitcoin and government for the people'
0,mcdonald's us sales fall 1.4 per cent in february as chain looks to adapt to ...
0,china data rattles world markets as investors worry about hard landing
0,so where are mt gox's stolen bitcoin millions?
0,americans riding public transit at highest level since 1956
0,china learns not to rescue its lame ducks
0,eu aims for deal on tackling failing banks next week
0,sbarro again files for chapter 11 reorganization
0,ecb unlocks door for further euro strength will data allow?
0,mcdonald's sales dip amid shifting eating habits worsened by snow
0,russia could fend off us lng plans for
0,charlotte-based chiquita set to become world's largest banana supplier
0,there is 1 clear loser between russia and ukraine
0,eu delays political talks with russia on planned south stream pipeline amid ...
0,what this stock bull market needs to live a 6th year
3,titanfall fans in south africa ask ea to let them play
0,how the ukraine/russia situation is misleading investors
0,disappointing chinese trade data weighing on wall street us commentary
0,chiquita brands and fyffes announce merger to create banana behemoth
0,world stocks pause commodities fall
0,mcdonald's sales decline as chain looks to adapt to changing tastes
0,foreign insurers lobby to open up guangdong market
3,xbox one titanfall bundle release date tomorrow pre-order price at ...
0,ebay rejects icahn slate of directors
0,us stocks retreat with emerging equities on china data
0,public transit use at highest level since 1956
0,mt gox ceo's blog hacked allegedly reveals company's true bitcoin balances
0,eu aims for deal on tackling failing banks
0,update 7-oil sinks on weak china data and as heating season ends
0,central europe turns to us for natural gas
0,gap falling out of fashion as abercrombie picks up the pace
0,list public transit systems with big ridership gains
0,journal says the first default in china's corporate-bond market is unlikely to be ...
0,mt.gox hack allegedly reveals bitcoin balances customer account totals
0,hackers allege mt gox ceo still controls stolen bitcoin
0,fed risks falling behind the curve' charles plosser says
3,titanfall doesn't display at 1080p
0,bond default crisis in china unlikely this year
0,merger creates world's biggest banana supplier
0,is washington using the ukraine crisis to push natural gas exports to asia?
0,dow jones industrial average 5 year stock market crash anniversary direxion ...
0,business news and markets as it happened march 10 2014
0,why the five-year anniversary of the stock market crash this week has ...
0,crude-oil futures fall as china signals demand concerns
0,china's exports unexpectedly decline in blow to confidence
0,fyffes and chiquita to create largest banana firm
0,inside mt gox
0,ebay says carl icahn's board picks not qualified'
0,merger to make chiquita world's biggest banana company
0,chiquita ireland's fyffes merge become top banana supplier
0,sbarro files for chapter 11 bankruptcy--update
0,public transit use reaches record high
0,asian shares lower as china trade data sends dour signal
0,mt gox customers hack karpales account to post evidence of alleged fraud
0,american and jetblue end interline and frequent traveler programs
3,titanfall is officially 792p on xbox one not 900p
0,metro-north worker killed struck by harlem line train
0,uk's first bitcoin cash machine launches in shoreditch
0,asian shares slip after weak china japan data
0,shanghai copper slides 5 pct on china concerns
0,stocks down at midday on weak china export data
0,americans riding public transport in record numbers
0,top four us carriers saw 74500 flights grounded by storms
0,hampshire fruit importer in merger to become top banana
0,chinese brokerage drops plans for shanghai ipo in favour of hong kong
0,chiquita to merge with fyffes
0,stock futures dip after asia selloff
0,council of europe offers to monitor treatment of minorities in ukraine
0,update 1-ecb to reveal bad loan hurdles for euro zone bank test sources
0,market hustle stock futures slide amid weak china trade data
0,mt gox files for bankruptcy in us
0,hackers claim to publish evidence of fraud at bitcoin exchange mt.gox
0,chiquitafyffes to merge to create world's biggest banana company
0,window on westminster
0,$a lower as ukraine tensions increase
0,ackman dwarfed by herbalife spending in lobbying battle
0,report mt gox ceo holding stolen bitcoins
0,ebay to shareholders vote against icahn nominees
0,bitcoin exchange faced hacker onslaught
0,monday afternoon business brief
0,hk-listed chinese stocks down 10%
